Archivo,Alt_Text
house-for-sale-in-puntarena-puerto-morelos-mexico-01.webp,"house for sale in puntarena puerto morelos mexico - Imagen 01"
house-for-sale-in-puntarena-puerto-morelos-mexico-02.webp,"house for sale in puntarena puerto morelos mexico - Imagen 02"
house-for-sale-in-puntarena-puerto-morelos-mexico-03.webp,"house for sale in puntarena puerto morelos mexico - Imagen 03"
house-for-sale-in-puntarena-puerto-morelos-mexico-04.jpg,"house for sale in puntarena puerto morelos mexico - Imagen 04"
house-for-sale-in-puntarena-puerto-morelos-mexico-05.webp,"house for sale in puntarena puerto morelos mexico - Imagen 05"
house-for-sale-in-puntarena-puerto-morelos-mexico-06.webp,"house for sale in puntarena puerto morelos mexico - Imagen 06"
house-for-sale-in-puntarena-puerto-morelos-mexico-07.webp,"house for sale in puntarena puerto morelos mexico - Imagen 07"
house-for-sale-in-puntarena-puerto-morelos-mexico-08.webp,"house for sale in puntarena puerto morelos mexico - Imagen 08"
house-for-sale-in-puntarena-puerto-morelos-mexico-09.webp,"house for sale in puntarena puerto morelos mexico - Imagen 09"
house-for-sale-in-puntarena-puerto-morelos-mexico-10.webp,"house for sale in puntarena puerto morelos mexico - Imagen 10"
house-for-sale-in-puntarena-puerto-morelos-mexico-11.webp,"house for sale in puntarena puerto morelos mexico - Imagen 11"
house-for-sale-in-puntarena-puerto-morelos-mexico-12.webp,"house for sale in puntarena puerto morelos mexico - Imagen 12"
house-for-sale-in-puntarena-puerto-morelos-mexico-13.jpg,"house for sale in puntarena puerto morelos mexico - Imagen 13"
house-for-sale-in-puntarena-puerto-morelos-mexico-14.webp,"house for sale in puntarena puerto morelos mexico - Imagen 14"
house-for-sale-in-puntarena-puerto-morelos-mexico-15.webp,"house for sale in puntarena puerto morelos mexico - Imagen 15"
house-for-sale-in-puntarena-puerto-morelos-mexico-16.webp,"house for sale in puntarena puerto morelos mexico - Imagen 16"
house-for-sale-in-puntarena-puerto-morelos-mexico-17.webp,"house for sale in puntarena puerto morelos mexico - Imagen 17"
house-for-sale-in-puntarena-puerto-morelos-mexico-18.jpg,"house for sale in puntarena puerto morelos mexico - Imagen 18"
house-for-sale-in-puntarena-puerto-morelos-mexico-19.webp,"house for sale in puntarena puerto morelos mexico - Imagen 19"
house-for-sale-in-puntarena-puerto-morelos-mexico-20.webp,"house for sale in puntarena puerto morelos mexico - Imagen 20"
house-for-sale-in-puntarena-puerto-morelos-mexico-21.webp,"house for sale in puntarena puerto morelos mexico - Imagen 21"
house-for-sale-in-puntarena-puerto-morelos-mexico-22.jpg,"house for sale in puntarena puerto morelos mexico - Imagen 22"
house-for-sale-in-puntarena-puerto-morelos-mexico-23.webp,"house for sale in puntarena puerto morelos mexico - Imagen 23"
house-for-sale-in-puntarena-puerto-morelos-mexico-24.jpg,"house for sale in puntarena puerto morelos mexico - Imagen 24"
house-for-sale-in-puntarena-puerto-morelos-mexico-25.webp,"house for sale in puntarena puerto morelos mexico - Imagen 25"
house-for-sale-in-puntarena-puerto-morelos-mexico-26.jpg,"house for sale in puntarena puerto morelos mexico - Imagen 26"
house-for-sale-in-puntarena-puerto-morelos-mexico-27.webp,"house for sale in puntarena puerto morelos mexico - Imagen 27"
house-for-sale-in-puntarena-puerto-morelos-mexico-28.webp,"house for sale in puntarena puerto morelos mexico - Imagen 28"
house-for-sale-in-puntarena-puerto-morelos-mexico-29.webp,"house for sale in puntarena puerto morelos mexico - Imagen 29"
